Country,2000,,2005,,2010,,2011,,2012,,2013,,2014,,2015,,2016,,2017,
 Afghanistan,..,,9.9,,8.6,,8.6,,7.9,,8.8,,9.5,,10.1,,11.0,,11.8,
 Algeria,3.5,,3.2,,5.1,,5.3,,6.0,,6.0,,6.5,,7.0,,6.6,,6.4,
 Andorra,9.3,,8.6,,9.4,,9.8,,10.0,,10.1,,10.3,,10.3,,10.3,,10.3,
 Angola,1.9,,2.9,,2.7,,2.6,,2.4,,2.7,,2.4,,2.6,,2.7,,2.8,
 Antigua and Barbuda,4.5,,5.0,,5.2,,5.3,,5.2,,5.4,,5.3,,4.7,,4.4,,4.5,
 Argentina,8.5,,7.6,,8.6,,8.4,,8.5,,8.4,,8.3,,8.8,,7.5,,9.1,
 Armenia,4.2,,5.9,,9.2,,9.4,,9.1,,10.3,,10.2,,10.1,,10.0,,10.4,
 Australia,7.6,,8.0,,8.4,,8.5,,8.7,,8.8,,9.0,,9.3,,9.2,,9.2,
 Austria,9.2,,9.6,,10.2,,10.0,,10.2,,10.3,,10.4,,10.4,,10.4,,10.4,
 Azerbaijan,3.9,,7.4,,4.8,,4.5,,4.9,,5.1,,5.5,,6.7,,6.7,,6.7,
 Bahamas,4.0,,4.7,,5.9,,6.0,,6.0,,6.0,,5.9,,5.7,,6.1,,5.8,
 Bahrain,3.6,,3.2,,3.8,,3.6,,4.1,,4.3,,4.4,,5.0,,4.9,,4.7,
 Bangladesh,2.0,,2.3,,2.5,,2.6,,2.6,,2.5,,2.5,,2.5,,2.3,,2.3,
 Barbados,5.3,,6.8,,6.8,,6.9,,7.8,,7.6,,7.1,,7.0,,6.9,,6.8,
 Belarus,5.5,,6.3,,5.7,,4.9,,5.2,,5.7,,5.4,,6.1,,5.9,,5.9,
 Belgium,7.9,,9.0,,10.0,,10.1,,10.3,,10.4,,10.4,,10.3,,10.3,,10.3,
 Belize,4.1,,4.7,,5.8,,5.6,,5.4,,5.7,,5.7,,5.9,,6.1,,5.6,
 Benin,4.2,,4.0,,4.1,,4.2,,4.7,,3.9,,3.6,,4.0,,3.9,,3.7,
 Bhutan,4.3,,4.0,,3.5,,3.3,,3.5,,3.6,,3.5,,3.7,,3.5,,3.2,
 Bolivia (Plurinational State of),4.4,,5.1,,5.5,,5.5,,5.4,,5.7,,6.0,,6.6,,6.9,,6.4,
 Bosnia and Herzegovina,7.7,,9.1,,9.0,,9.2,,9.5,,9.5,,9.5,,9.3,,9.2,,8.9,
 Botswana,5.8,,5.0,,6.2,,5.8,,6.1,,6.2,,5.6,,5.7,,5.6,,6.1,
 Brazil,8.3,,8.0,,7.9,,7.8,,7.7,,8.0,,8.4,,8.9,,9.2,,9.5,
 Brunei Darussalam,2.5,,2.2,,2.3,,1.9,,1.9,,1.9,,1.9,,2.4,,2.5,,2.4,
 Bulgaria,5.9,,6.9,,7.1,,7.1,,7.6,,7.9,,8.5,,8.2,,8.2,,8.1,
 Burkina Faso,3.3,,4.4,,5.9,,5.2,,5.2,,6.3,,5.6,,5.8,,7.0,,6.9,
 Burundi,6.2,,8.4,,11.3,,10.1,,8.5,,8.1,,6.9,,6.6,,7.5,,7.5,
 Cabo Verde,4.4,,4.3,,4.5,,4.3,,5.1,,5.3,,5.3,,4.8,,4.8,,5.2,
 Cambodia,6.5,,6.9,,6.9,,7.5,,7.3,,7.1,,6.7,,6.2,,6.1,,5.9,
 Cameroon,4.0,,4.1,,4.5,,3.4,,4.5,,4.5,,4.5,,4.7,,4.7,,4.7,
 Canada,8.3,,9.1,,10.7,,10.4,,10.3,,10.2,,10.1,,10.5,,10.7,,10.6,
 Central African Republic,4.4,,4.8,,3.7,,3.8,,3.9,,4.8,,4.9,,6.3,,4.3,,5.8,
 Chad,5.5,,4.8,,4.1,,3.9,,3.9,,4.1,,4.3,,4.5,,5.0,,4.5,
 Chile,7.0,,6.6,,6.8,,6.8,,7.0,,7.4,,7.8,,8.3,,8.5,,9.0,
 China,4.5,,4.1,,4.2,,4.3,,4.5,,4.7,,4.8,,4.9,,5.0,,5.2,
 Colombia,5.7,,6.1,,7.1,,6.8,,6.8,,7.3,,7.1,,7.3,,7.2,,7.2,
 Comoros,12.2,,9.9,,8.5,,9.1,,7.9,,7.8,,7.6,,7.8,,7.5,,7.4,
 Congo,1.7,,1.9,,2.0,,1.9,,2.5,,2.5,,2.5,,3.4,,3.5,,2.9,
 Congo (Democratic Republic of the),1.6,,4.3,,4.0,,3.4,,3.6,,3.6,,4.0,,3.9,,3.9,,4.0,
 Costa Rica,6.6,,6.7,,8.1,,8.2,,7.9,,7.9,,7.9,,7.8,,7.5,,7.3,
 Croatia,7.7,,6.9,,8.1,,7.8,,7.8,,6.5,,6.7,,6.8,,6.8,,6.8,
 Cuba,6.6,,8.8,,10.7,,11.3,,9.3,,10.4,,12.1,,12.8,,12.2,,11.7,
 Cyprus,5.3,,5.4,,6.3,,6.6,,6.7,,6.9,,6.8,,6.8,,6.8,,6.7,
 Czechia,5.7,,6.4,,6.9,,7.0,,7.0,,7.8,,7.7,,7.2,,7.2,,7.2,
 Cï¿½te d'Ivoire,5.6,,5.3,,6.1,,6.1,,6.1,,5.1,,5.2,,4.4,,4.5,,4.5,
 Denmark,8.1,,9.1,,10.3,,10.2,,10.2,,10.2,,10.2,,10.2,,10.2,,10.1,
 Djibouti,4.1,,4.5,,4.3,,4.7,,4.6,,4.1,,4.1,,4.4,,3.7,,3.3,
 Dominica,5.2,,5.2,,5.6,,5.3,,5.8,,5.3,,5.5,,5.4,,5.2,,5.9,
 Dominican Republic,4.9,,4.4,,5.6,,5.7,,5.9,,5.8,,5.8,,6.0,,6.1,,6.1,
 Ecuador,3.3,,5.6,,7.1,,7.9,,8.5,,8.6,,8.6,,8.6,,8.3,,8.3,
 Egypt,4.9,,4.9,,4.2,,4.4,,4.6,,4.7,,4.7,,5.3,,5.4,,5.3,
 El Salvador,8.9,,8.4,,8.2,,8.1,,7.5,,7.7,,7.7,,7.6,,7.7,,7.2,
 Equatorial Guinea,2.3,,1.5,,1.8,,1.6,,1.3,,1.9,,2.2,,2.9,,3.2,,3.1,
 Eritrea,4.5,,5.3,,3.5,,4.1,,2.9,,2.8,,2.8,,2.9,,2.9,,2.9,
 Estonia,5.2,,5.1,,6.3,,5.8,,5.8,,6.0,,6.1,,6.4,,6.5,,6.4,
 Eswatini (Kingdom of),4.6,,7.4,,8.6,,8.5,,7.9,,7.5,,7.3,,7.1,,6.8,,6.9,
 Ethiopia,4.4,,4.1,,5.5,,4.5,,4.5,,4.1,,4.0,,3.9,,3.9,,3.5,
 Fiji,3.7,,3.6,,3.7,,3.4,,3.5,,3.5,,3.6,,3.6,,3.5,,3.5,
 Finland,6.8,,8.0,,8.9,,9.0,,9.3,,8.7,,9.5,,9.7,,9.4,,9.2,
 France,9.6,,10.2,,11.2,,11.2,,11.3,,11.4,,11.6,,11.5,,11.5,,11.3,
 Gabon,2.9,,2.9,,2.5,,2.6,,2.4,,2.8,,2.5,,2.7,,3.1,,2.8,
 Gambia,2.7,,2.8,,3.4,,4.0,,3.9,,4.1,,3.5,,3.1,,3.0,,3.3,
 Georgia,7.4,,8.3,,9.5,,8.4,,8.4,,8.4,,8.4,,7.9,,8.4,,7.6,
 Germany,9.8,,10.2,,11.0,,10.7,,10.8,,10.9,,11.0,,11.1,,11.1,,11.2,
 Ghana,2.8,,3.8,,4.6,,4.7,,4.1,,4.6,,4.1,,4.6,,3.5,,3.3,
 Greece,..,,8.6,,9.6,,9.1,,8.9,,8.4,,8.0,,8.1,,8.3,,8.0,
 Grenada,5.3,,5.5,,6.2,,6.2,,5.9,,5.7,,4.7,,4.7,,4.7,,4.8,
 Guatemala,5.7,,6.4,,6.1,,5.9,,6.0,,6.2,,5.9,,6.0,,6.0,,5.8,
 Guinea,3.5,,3.1,,3.0,,3.8,,3.5,,3.5,,4.8,,5.8,,5.3,,4.1,
 Guinea-Bissau,7.7,,7.7,,6.6,,6.0,,5.7,,6.9,,9.5,,8.6,,8.0,,7.2,
 Guyana,3.9,,5.2,,5.5,,5.2,,4.9,,5.0,,5.1,,4.5,,5.1,,4.9,
 Haiti,6.9,,5.5,,8.1,,10.2,,9.7,,7.2,,7.8,,8.6,,8.4,,8.0,
 Honduras,6.4,,7.7,,8.7,,8.8,,8.6,,8.5,,8.2,,7.7,,8.2,,7.9,
 Hungary,6.8,,8.0,,7.5,,7.5,,7.5,,7.3,,7.1,,7.0,,7.1,,6.9,
 Iceland,9.0,,9.1,,8.5,,8.3,,8.2,,8.2,,8.3,,8.2,,8.1,,8.3,
 India,4.0,,3.8,,3.3,,3.2,,3.3,,3.7,,3.6,,3.6,,3.5,,3.5,
 Indonesia,1.9,,2.6,,3.0,,3.0,,2.9,,3.0,,3.1,,3.0,,3.1,,3.0,
 Iran (Islamic Republic of),4.7,,5.3,,6.8,,6.6,,6.6,,6.0,,6.9,,7.8,,8.9,,8.7,
 Iraq,..,,2.9,,3.2,,2.8,,2.7,,2.8,,2.8,,3.1,,3.3,,4.2,
 Ireland,5.9,,7.6,,10.5,,10.7,,10.7,,10.3,,9.7,,7.3,,7.4,,7.2,
 Israel,6.8,,7.1,,7.0,,7.0,,7.1,,7.1,,7.1,,7.1,,7.3,,7.4,
 Italy,7.6,,8.4,,9.0,,8.8,,9.0,,9.0,,9.0,,9.0,,8.9,,8.8,
 Jamaica,5.8,,4.4,,5.0,,4.9,,5.0,,5.2,,5.2,,5.7,,5.7,,6.0,
 Japan,7.2,,7.8,,9.2,,10.6,,10.8,,10.8,,10.8,,10.9,,10.8,,10.9,
 Jordan,9.6,,8.9,,8.4,,8.3,,7.9,,7.2,,7.3,,7.6,,7.2,,8.1,
 Kazakhstan,4.2,,3.9,,2.7,,2.7,,3.1,,2.9,,2.7,,3.0,,3.4,,3.1,
 Kenya,4.6,,5.3,,6.1,,5.8,,5.6,,5.5,,5.5,,5.2,,5.0,,4.8,
 Kiribati,8.6,,11.5,,9.2,,8.6,,8.6,,9.5,,9.9,,8.0,,9.3,,10.8,
 Korea (Republic of),4.0,,4.8,,6.2,,6.3,,6.4,,6.6,,6.8,,7.0,,7.3,,7.6,
 Kuwait,2.5,,2.4,,2.8,,2.6,,2.6,,2.6,,3.2,,4.0,,4.0,,5.3,
 Kyrgyzstan,4.4,,7.5,,7.0,,7.1,,8.5,,8.2,,7.4,,7.1,,6.4,,6.2,
 Lao People's Democratic Republic,4.3,,3.3,,2.9,,1.9,,2.1,,2.4,,2.3,,2.5,,2.4,,2.5,
 Latvia,5.4,,5.9,,6.1,,5.6,,5.4,,5.4,,5.5,,5.7,,6.2,,6.0,
 Lebanon,10.8,,7.6,,7.4,,8.1,,7.9,,7.6,,7.8,,7.7,,7.8,,8.2,
 Lesotho,5.9,,5.1,,7.6,,8.8,,8.6,,9.0,,8.6,,8.4,,7.9,,8.8,
 Liberia,4.0,,8.9,,8.8,,9.2,,8.6,,8.2,,9.1,,10.3,,9.8,,8.2,
 Libya,3.4,,2.6,,3.6,,6.0,,..,,..,,..,,..,,..,,..,
 Lithuania,6.2,,5.6,,6.8,,6.5,,6.3,,6.1,,6.2,,6.5,,6.6,,6.5,
 Luxembourg,5.9,,7.2,,7.0,,6.1,,6.6,,5.7,,5.6,,5.5,,5.5,,5.5,
 Madagascar,5.2,,6.0,,5.3,,5.2,,4.4,,4.2,,5.1,,5.7,,6.1,,5.5,
 Malawi,3.4,,6.1,,7.2,,7.5,,8.5,,11.6,,9.7,,9.3,,9.7,,9.6,
 Malaysia,2.6,,2.8,,3.2,,3.4,,3.5,,3.6,,3.8,,3.9,,3.8,,3.9,
 Maldives,7.7,,8.8,,8.5,,7.9,,8.7,,8.1,,7.9,,8.7,,10.2,,9.0,
 Mali,5.6,,5.1,,4.6,,3.9,,3.7,,4.0,,4.5,,4.1,,3.8,,3.8,
 Malta,6.6,,8.7,,8.2,,8.6,,8.6,,8.8,,9.4,,9.2,,9.2,,9.3,
 Marshall Islands,19.7,,21.6,,15.2,,14.8,,14.5,,14.8,,14.9,,17.6,,17.9,,16.4,
 Mauritania,4.7,,4.6,,3.4,,3.2,,3.4,,3.7,,4.3,,4.7,,4.1,,4.4,
 Mauritius,2.9,,3.6,,4.6,,4.3,,4.3,,4.7,,5.5,,5.7,,5.7,,5.7,
 Mexico,4.4,,5.8,,6.0,,5.7,,5.8,,5.9,,5.6,,5.8,,5.6,,5.5,
 Micronesia (Federated States of),7.8,,17.7,,13.1,,13.1,,12.3,,12.2,,11.8,,12.5,,12.6,,12.4,
 Moldova (Republic of),4.9,,8.0,,10.1,,9.1,,9.1,,8.7,,8.6,,8.6,,7.5,,7.0,
 Monaco,1.7,,2.1,,2.3,,2.2,,2.2,,2.1,,2.1,,2.0,,1.7,,1.8,
 Mongolia,4.9,,3.8,,3.7,,3.6,,3.9,,4.1,,4.2,,4.2,,4.4,,4.0,
 Morocco,4.0,,4.8,,5.9,,5.7,,5.7,,5.7,,5.3,,5.1,,5.2,,5.2,
 Mozambique,3.9,,6.4,,5.1,,4.5,,5.2,,5.4,,6.0,,5.3,,5.1,,4.9,
 Myanmar,1.8,,2.0,,1.8,,1.8,,2.3,,3.0,,4.1,,5.2,,4.8,,4.7,
 Namibia,9.8,,10.3,,9.7,,9.8,,9.5,,8.9,,8.4,,9.9,,9.1,,8.6,
 Nauru,13.5,,12.6,,10.4,,8.2,,7.5,,8.4,,9.1,,13.3,,13.9,,11.0,
 Nepal,3.6,,4.5,,5.0,,5.1,,5.2,,5.3,,5.8,,6.2,,6.3,,5.6,
 Netherlands,7.7,,9.1,,10.2,,10.2,,10.5,,10.6,,10.6,,10.3,,10.3,,10.1,
 New Zealand,7.5,,8.3,,9.6,,9.5,,9.7,,9.4,,9.4,,9.3,,9.3,,9.2,
 Nicaragua,5.2,,6.1,,7.0,,7.4,,7.6,,7.5,,8.0,,8.0,,8.8,,8.6,
 Niger,7.2,,8.2,,6.9,,6.6,,5.8,,5.9,,5.9,,7.1,,6.2,,7.7,
 Nigeria,3.2,,4.5,,3.3,,3.3,,3.4,,3.4,,3.3,,3.6,,3.6,,3.8,
 North Macedonia,8.9,,7.7,,6.7,,6.5,,6.6,,6.7,,6.3,,6.3,,6.4,,6.1,
 Norway,7.7,,8.3,,8.9,,8.8,,8.8,,8.9,,9.3,,10.1,,10.5,,10.4,
 Oman,3.1,,2.6,,2.8,,2.5,,2.6,,2.8,,3.5,,4.3,,4.3,,3.8,
 Pakistan,2.9,,2.7,,2.6,,2.3,,2.4,,2.6,,2.7,,2.7,,2.9,,2.9,
 Palau,8.9,,9.3,,11.6,,10.8,,11.4,,12.0,,12.0,,10.9,,11.8,,12.0,
 Panama,7.0,,6.2,,7.2,,6.6,,6.6,,6.7,,6.9,,6.8,,7.2,,7.3,
 Papua New Guinea,2.0,,2.5,,2.1,,2.3,,2.7,,3.0,,3.3,,1.9,,2.5,,2.5,
 Paraguay,5.5,,4.1,,4.6,,5.1,,6.5,,6.1,,6.6,,6.7,,6.7,,6.7,
 Peru,4.5,,4.5,,4.7,,4.6,,4.8,,4.7,,5.0,,5.0,,5.1,,5.0,
 Philippines,3.2,,3.9,,4.3,,4.2,,4.4,,4.5,,4.1,,4.3,,4.4,,4.4,
 Poland,5.3,,5.8,,6.4,,6.2,,6.2,,6.4,,6.4,,6.4,,6.5,,6.5,
 Portugal,8.4,,9.4,,9.8,,9.5,,9.3,,9.1,,9.0,,9.0,,9.0,,9.0,
 Qatar,2.0,,2.6,,1.8,,1.6,,1.7,,2.1,,2.4,,3.1,,3.0,,2.6,
 Romania,4.2,,5.5,,5.8,,4.7,,4.7,,5.2,,5.0,,4.9,,5.0,,5.2,
 Russian Federation,5.0,,4.8,,5.0,,4.8,,4.9,,5.1,,5.2,,5.3,,5.3,,5.3,
 Rwanda,4.3,,8.8,,8.6,,8.4,,8.3,,6.8,,6.9,,6.5,,6.8,,6.6,
 Saint Kitts and Nevis,4.7,,4.5,,5.3,,5.3,,5.2,,5.2,,4.8,,4.9,,5.0,,5.0,
 Saint Lucia,5.4,,5.4,,5.4,,5.6,,5.6,,5.8,,5.0,,4.8,,5.2,,4.5,
 Saint Vincent and the Grenadines,4.3,,4.0,,4.6,,4.5,,4.7,,4.6,,4.4,,4.3,,4.3,,4.5,
 Samoa,4.4,,4.8,,5.5,,5.4,,4.8,,6.2,,6.2,,5.7,,5.5,,5.5,
 San Marino,5.3,,4.9,,6.6,,7.4,,8.0,,7.7,,7.6,,7.4,,6.8,,7.4,
 Sao Tome and Principe,10.5,,11.5,,6.8,,6.8,,6.5,,7.9,,6.7,,5.4,,6.2,,6.2,
 Saudi Arabia,4.2,,3.4,,3.6,,3.7,,4.0,,4.5,,5.2,,6.0,,5.8,,5.2,
 Senegal,3.6,,3.7,,4.0,,4.2,,4.2,,4.4,,4.4,,4.4,,4.3,,4.1,
 Serbia,6.5,,8.3,,9.5,,9.1,,9.3,,9.3,,9.2,,8.8,,8.6,,8.4,
 Seychelles,4.6,,5.0,,4.8,,4.8,,5.7,,4.5,,4.7,,4.6,,5.2,,5.0,
 Sierra Leone,11.5,,11.0,,10.9,,13.3,,10.6,,11.6,,19.7,,20.4,,16.5,,13.4,
 Singapore,3.4,,3.0,,3.2,,3.2,,3.4,,3.7,,3.9,,4.2,,4.4,,4.4,
 Slovakia,5.3,,6.6,,7.8,,7.4,,7.6,,7.5,,6.9,,6.8,,7.1,,6.7,
 Slovenia,7.8,,8.0,,8.6,,8.6,,8.8,,8.8,,8.5,,8.5,,8.5,,8.2,
 Solomon Islands,5.3,,10.1,,7.3,,7.1,,5.6,,5.5,,5.9,,5.2,,5.2,,4.7,
 South Africa,7.4,,6.7,,7.4,,7.5,,7.8,,7.7,,7.9,,8.2,,8.1,,8.1,
 South Sudan,..,,..,,..,,..,,..,,..,,..,,..,,..,,9.8,
 Spain,6.8,,7.7,,9.0,,9.1,,9.1,,9.0,,9.0,,9.1,,9.0,,8.9,
 Sri Lanka,4.2,,4.0,,3.9,,3.7,,3.4,,3.8,,3.6,,3.9,,3.9,,3.8,
 Sudan,3.6,,4.1,,5.1,,5.6,,5.7,,7.0,,5.7,,7.2,,6.4,,6.3,
 Suriname,6.3,,5.6,,5.0,,4.7,,4.6,,4.8,,4.8,,6.2,,6.3,,6.2,
 Sweden,7.4,,8.3,,8.5,,10.7,,10.9,,11.1,,11.1,,11.0,,11.0,,11.0,
 Switzerland,9.8,,10.8,,10.7,,10.8,,11.1,,11.3,,11.5,,11.9,,12.2,,12.3,
 Syrian Arab Republic,4.3,,4.1,,3.3,,3.3,,3.6,,..,,..,,..,,..,,..,
 Tajikistan,4.3,,5.2,,5.7,,5.9,,6.0,,6.5,,6.7,,6.9,,7.0,,7.2,
 Tanzania (United Republic of),3.4,,6.4,,5.3,,5.1,,5.0,,4.6,,4.0,,3.6,,4.0,,3.6,
 Thailand,3.1,,3.2,,3.4,,3.6,,3.5,,3.5,,3.7,,3.7,,3.8,,3.7,
 Timor-Leste,..,,1.3,,1.4,,1.3,,1.2,,1.7,,2.4,,3.5,,4.0,,3.9,
 Togo,3.3,,4.0,,5.9,,6.0,,6.1,,6.3,,6.4,,6.2,,6.6,,6.2,
 Tonga,2.9,,4.2,,4.7,,3.9,,5.1,,4.2,,5.1,,4.7,,5.2,,5.3,
 Trinidad and Tobago,4.2,,4.4,,5.1,,4.7,,4.9,,5.0,,5.2,,6.0,,6.9,,7.0,
 Tunisia,5.0,,5.4,,5.9,,6.4,,6.6,,6.9,,6.8,,7.0,,7.0,,7.2,
 Turkey,4.6,,4.9,,5.1,,4.7,,4.5,,4.4,,4.3,,4.1,,4.3,,4.2,
 Turkmenistan,6.9,,9.6,,5.0,,4.9,,4.8,,5.2,,5.5,,6.3,,6.6,,6.9,
 Tuvalu,24.2,,11.4,,16.4,,15.4,,15.3,,18.1,,16.9,,16.7,,16.9,,17.1,
 Uganda,7.6,,11.4,,10.5,,8.9,,7.9,,7.3,,7.0,,6.5,,6.3,,6.2,
 Ukraine,5.3,,6.3,,6.8,,6.8,,7.1,,7.4,,6.6,,6.9,,6.8,,7.0,
 United Arab Emirates,2.4,,2.3,,3.9,,3.7,,3.4,,3.6,,3.6,,3.6,,3.4,,3.3,
 United Kingdom,6.0,,7.2,,8.4,,8.4,,8.3,,9.8,,9.8,,9.7,,9.7,,9.6,
 United States,12.5,,14.5,,16.4,,16.4,,16.4,,16.3,,16.5,,16.8,,17.2,,17.1,
 Uruguay,10.0,,8.4,,8.6,,8.6,,8.8,,8.8,,8.8,,9.0,,9.2,,9.3,
 Uzbekistan,5.4,,5.0,,5.6,,5.7,,6.1,,6.0,,5.7,,6.1,,6.3,,6.4,
 Vanuatu,3.3,,3.3,,3.4,,3.5,,3.8,,4.2,,3.5,,4.2,,3.7,,3.3,
 Venezuela (Bolivarian Republic of),7.3,,6.1,,6.8,,7.2,,6.4,,5.6,,5.8,,5.1,,3.2,,1.2,
 Viet Nam,4.8,,5.1,,6.0,,5.9,,6.3,,6.3,,5.8,,5.7,,5.7,,5.5,
 Yemen,4.7,,5.2,,5.2,,4.8,,5.2,,5.0,,4.8,,4.2,,..,,4.2,a
 Zambia,7.2,,6.9,,3.7,,3.5,,3.9,,4.7,,3.8,,4.4,,4.5,,4.5,
 Zimbabwe,..,,..,,10.7,,7.7,,6.5,,6.6,,7.9,,7.5,,7.7,,6.6,
 Albania,..,,..,,..,,..,,..,,..,,..,,..,,..,,..,
" Hong Kong, China (SAR)",..,,..,,..,,..,,..,,..,,..,,..,,..,,..,
 Liechtenstein,..,,..,,..,,..,,..,,..,,..,,..,,..,,..,
 Montenegro,..,,..,,..,,..,,..,,..,,..,,..,,..,,..,
" Palestine, State of",..,,..,,..,,..,,..,,..,,..,,..,,..,,..,
Human Development,,,..,,..,,..,,..,,..,,..,,..,,..,,..,
Very high human development,9.3,,10.2,,11.1,,11.1,,11.2,,11.3,,11.5,,11.9,,12.1,,12.0,
High human development,4.9,,5.2,,5.6,,5.6,,5.6,,5.7,,5.8,,5.8,,5.8,,5.7,
Medium human development,4.0,,3.9,,3.6,,3.5,,3.6,,3.9,,3.9,,3.9,,3.9,,3.7,
Low human development,3.7,,4.7,,4.5,,4.4,,4.3,,4.4,,4.3,,4.6,,4.5,,4.6,
Developing Countries,4.8,,4.8,,5.1,,5.1,,5.2,,5.3,,5.3,,5.4,,5.4,,5.4,
Regions,,,..,,..,,..,,..,,..,,..,,..,,..,,..,
Arab States,4.0,,3.5,,4.0,,3.9,,4.0,,4.2,,4.6,,5.0,,4.9,,4.9,
East Asia and the Pacific,3.9,,3.8,,4.0,,4.1,,4.3,,4.5,,4.6,,4.7,,4.8,,4.9,
Europe and Central Asia,4.9,,5.4,,5.3,,5.0,,5.0,,5.0,,4.9,,4.9,,5.1,,4.9,
Latin America and the Caribbean,5.9,,6.7,,7.9,,7.9,,7.9,,8.0,,8.2,,8.6,,8.6,,8.0,
South Asia,3.9,,3.9,,3.9,,3.9,,4.0,,4.0,,4.0,,4.0,,4.1,,4.1,
Sub-Saharan Africa,5.1,,5.4,,5.3,,5.1,,5.1,,5.0,,4.9,,5.2,,5.1,,5.1,
Least Developed Countries,3.5,,4.5,,4.4,,4.2,,4.2,,4.4,,4.4,,4.6,,4.4,,4.1,
Small Island Developing States,4.3,,4.4,,4.9,,4.8,,4.7,,5.1,,5.5,,5.9,,6.0,,5.9,
Organization for Economic Co-operation and Development,9.3,,10.4,,11.6,,11.7,,11.8,,11.9,,12.0,,12.4,,12.6,,12.5,
World,8.6,,9.3,,9.6,,9.5,,9.5,,9.5,,9.6,,9.9,,10.0,,9.9,
